material,surface,emotion,hex,r,g,b,reflectivity,roughness
stone,porous,mysterious,#58883B,88,136,59,0.46,0.06
ceramic,glossy,bright,#FA87FB,250,135,251,0.62,0.77
aluminum,soft-touch,bright,#BDD8EB,189,216,235,0.2,0.29
glass,aged,energetic,#3368FF,51,104,255,0.74,0.43
carbon fiber,porous,professional,#BCCA00,188,202,0,0.55,0.66
sand,raw,bright,#3F7DEA,63,125,234,0.57,0.86
bronze,satin,natural,#C03C77,192,60,119,0.75,0.56
fabric,glossy,energetic,#7391C8,115,145,200,0.73,0.46
tile,polished,cold,#E2069B,226,6,155,0.79,0.7
carbon fiber,satin,calm,#C16F18,193,111,24,0.88,0.91
carbon fiber,coated,professional,#7CE97E,124,233,126,0.7,0.74
plastic,matte,soft,#BB60DB,187,96,219,0.1,0.52
concrete,polished,aggressive,#D7881D,215,136,29,0.35,0.15
metal,rough,playful,#834728,131,71,40,0.79,0.5
steel,distressed,bright,#E9F241,233,242,65,0.13,0.2
granite,smooth,playful,#B0638C,176,99,140,0.43,0.93
foam,translucent,cold,#45F096,69,240,150,0.25,0.55
brass,satin,playful,#F074EF,240,116,239,0.65,0.01
sand,reflective,cold,#D9DAD1,217,218,209,0.4,0.78
aluminum,distressed,warm,#8CC363,140,195,99,0.94,0.1
copper,rough,aggressive,#A4DEB4,164,222,180,0.89,0.54
tile,glossy,muted,#A41012,164,16,18,0.71,0.59
paper,porous,bright,#C43450,196,52,80,0.95,0.12
sand,aged,muted,#8A3772,138,55,114,0.24,0.9
granite,opaque,aggressive,#20AE2B,32,174,43,0.84,0.4
bronze,lacquered,aggressive,#10FA0F,16,250,15,0.62,0.91
metal,smooth,mysterious,#476AA0,71,106,160,0.78,0.67
paper,polished,mysterious,#EBD4E0,235,212,224,0.23,0.43
metal,smooth,bright,#C3A92F,195,169,47,0.66,0.96
brass,coated,bright,#165214,22,82,20,0.76,0.15
fabric,coated,mysterious,#D6A4CE,214,164,206,0.43,0.69
velvet,aged,luxury,#B3A78B,179,167,139,0.31,0.54
tile,distressed,soft,#E92A36,233,42,54,0.86,0.91
wood,distressed,neutral,#5E9AB9,94,154,185,0.84,0.83
wood,soft-touch,neutral,#854712,133,71,18,0.31,0.78
stone,aged,soft,#E44D05,228,77,5,0.16,0.89
wood,textured,cold,#BC5EA3,188,94,163,0.67,0.39
steel,aged,soft,#163266,22,50,102,0.32,0.58
stone,raw,natural,#F76D91,247,109,145,0.24,0.01
clay,grainy,mysterious,#DEAC0B,222,172,11,0.39,0.8
rubber,aged,luxury,#1D4490,29,68,144,0.11,0.83
paper,soft-touch,mysterious,#6A595C,106,89,92,0.59,0.49
foam,lacquered,professional,#3B6CE2,59,108,226,0.64,0.54
foam,raw,aggressive,#F87FC4,248,127,196,0.87,0.67
sand,smooth,muted,#98DA2C,152,218,44,0.8,0.37
stone,polished,natural,#14B380,20,179,128,0.78,0.96
copper,coated,warm,#C365A7,195,101,167,0.36,0.98
stone,translucent,luxury,#94133A,148,19,58,0.62,0.26
steel,translucent,playful,#E81425,232,20,37,0.8,0.85
bronze,glossy,mysterious,#CFED2E,207,237,46,0.73,0.08
fabric,grainy,natural,#E0A744,224,167,68,0.45,0.6
clay,satin,muted,#A64CDC,166,76,220,0.22,0.28
bronze,weathered,muted,#64775A,100,119,90,0.71,0.38
brass,coated,playful,#C8A295,200,162,149,0.81,0.15
paper,aged,muted,#86BAE6,134,186,230,0.73,0.43
rubber,opaque,calm,#0A16AF,10,22,175,0.87,0.17
fabric,porous,calm,#E6A62B,230,166,43,0.87,0.6
granite,smooth,bright,#37E3FD,55,227,253,0.41,0.91
foam,rough,mysterious,#3C5C5C,60,92,92,0.14,0.34
brass,aged,energetic,#58B4C7,88,180,199,0.4,0.36
fabric,reflective,warm,#23DF9F,35,223,159,0.38,0.84
metal,translucent,energetic,#45C8DF,69,200,223,0.89,0.59
copper,satin,playful,#74FDA3,116,253,163,0.73,0.3
plastic,textured,bright,#F3AC50,243,172,80,0.89,0.62
foam,coated,natural,#C02771,192,39,113,0.44,0.76
clay,polished,mysterious,#FC0BE7,252,11,231,0.57,0.35
wood,coated,warm,#D82044,216,32,68,0.37,0.79
leather,brushed,luxury,#15F4BD,21,244,189,0.65,0.45
sand,polished,cold,#B41475,180,20,117,0.9,0.87
marble,glossy,mysterious,#D658AF,214,88,175,0.8,0.25
plastic,raw,bright,#D635AF,214,53,175,0.37,0.06
plastic,glossy,aggressive,#2E1490,46,20,144,0.69,0.34
sand,glossy,aggressive,#042FB4,4,47,180,0.46,0.66
steel,reflective,energetic,#4174A7,65,116,167,0.43,0.4
copper,distressed,muted,#2FFB20,47,251,32,0.54,0.75
fabric,lacquered,bright,#4B01FC,75,1,252,0.73,0.87
glass,soft-touch,muted,#5E181B,94,24,27,0.4,0.17
fabric,opaque,aggressive,#E65865,230,88,101,0.18,0.64
paper,translucent,professional,#9F096C,159,9,108,0.69,0.59
stone,raw,aggressive,#3B6799,59,103,153,0.63,0.05
metal,soft-touch,playful,#DDDD9F,221,221,159,0.24,0.99
foam,translucent,natural,#4E9A39,78,154,57,0.5,0.33
marble,weathered,energetic,#38E449,56,228,73,0.36,0.7
ceramic,grainy,muted,#88D071,136,208,113,0.32,0.23
clay,soft-touch,aggressive,#DAE6D5,218,230,213,0.9,0.19
rubber,porous,neutral,#7CD047,124,208,71,0.16,0.11
concrete,raw,neutral,#363179,54,49,121,0.76,0.65
bronze,brushed,aggressive,#A10CF2,161,12,242,0.8,0.82
carbon fiber,porous,neutral,#853DF9,133,61,249,0.56,0.34
leather,lacquered,warm,#BEC3F5,190,195,245,0.55,0.35
wood,distressed,soft,#A0DCB2,160,220,178,0.64,0.61
fabric,raw,soft,#2C4938,44,73,56,0.31,0.92
ceramic,soft-touch,calm,#1A26A7,26,38,167,0.36,0.61
stone,lacquered,calm,#F374BC,243,116,188,0.5,0.64
concrete,satin,calm,#84F321,132,243,33,0.64,0.2
wood,opaque,calm,#AEEF38,174,239,56,0.79,0.68
plastic,porous,aggressive,#BB5369,187,83,105,0.9,0.27
rubber,coated,luxury,#CD94C5,205,148,197,0.61,0.51
rubber,weathered,professional,#A3FFA3,163,255,163,0.47,0.71
bronze,grainy,mysterious,#D42E72,212,46,114,0.6,0.38
carbon fiber,soft-touch,mysterious,#F1E485,241,228,133,0.61,0.13
steel,satin,luxury,#CB2C9B,203,44,155,0.57,0.63
fabric,rough,professional,#80537C,128,83,124,0.53,0.43
sand,aged,mysterious,#32402D,50,64,45,0.38,0.44
wood,raw,cold,#C5D390,197,211,144,0.51,0.31
stone,lacquered,soft,#91E397,145,227,151,0.44,0.98
brass,grainy,neutral,#DC2741,220,39,65,0.34,0.52
fabric,glossy,soft,#EBBF5C,235,191,92,0.72,0.56
wood,raw,professional,#294065,41,64,101,0.93,0.23
leather,rough,bright,#81E901,129,233,1,0.37,1.0
granite,lacquered,luxury,#6E4C47,110,76,71,0.83,0.14
foam,distressed,warm,#E9DC4C,233,220,76,0.83,0.01
carbon fiber,satin,natural,#B992C0,185,146,192,0.56,0.7
aluminum,brushed,bright,#77FD03,119,253,3,0.76,0.85
marble,lacquered,natural,#5C4648,92,70,72,0.27,0.75
steel,opaque,luxury,#E918DE,233,24,222,0.87,0.54
clay,coated,soft,#215063,33,80,99,0.85,0.79
fabric,translucent,luxury,#F71EDE,247,30,222,0.39,0.92
stone,glossy,neutral,#354CE7,53,76,231,0.51,0.26
stone,porous,bright,#AD2180,173,33,128,0.15,0.77
steel,polished,luxury,#E4D4D7,228,212,215,0.9,0.15
sand,soft-touch,neutral,#FB2FFF,251,47,255,0.18,0.04
sand,rough,muted,#E18716,225,135,22,0.74,0.8
sand,translucent,neutral,#85C4B7,133,196,183,0.86,0.13
carbon fiber,reflective,luxury,#1BDAA1,27,218,161,0.43,0.08
carbon fiber,coated,professional,#D0A089,208,160,137,0.49,0.24
ceramic,satin,energetic,#5980AE,89,128,174,0.49,0.03
copper,rough,luxury,#79B0B0,121,176,176,0.81,0.96
carbon fiber,smooth,luxury,#319948,49,153,72,0.31,0.64
aluminum,smooth,energetic,#12254D,18,37,77,0.44,0.48
tile,rough,professional,#01CC2C,1,204,44,0.88,0.75
aluminum,satin,bright,#F5A362,245,163,98,0.14,0.33
aluminum,aged,cold,#266C53,38,108,83,0.64,0.55
ceramic,matte,cold,#4249B4,66,73,180,0.39,0.26
stone,textured,warm,#05676D,5,103,109,0.9,0.64
steel,satin,warm,#3736AD,55,54,173,0.28,0.99
steel,raw,soft,#9B94CB,155,148,203,0.52,0.23
velvet,polished,soft,#E70EF4,231,14,244,0.2,0.01
stone,lacquered,natural,#EE8C4E,238,140,78,0.49,0.44
marble,brushed,playful,#C97C09,201,124,9,0.27,0.63
clay,reflective,luxury,#D9B8C5,217,184,197,0.33,0.37
rubber,translucent,bright,#D5A545,213,165,69,0.71,0.07
steel,aged,playful,#554B92,85,75,146,0.36,0.19
ceramic,distressed,cold,#55A09C,85,160,156,0.58,0.62
aluminum,porous,playful,#D85C1D,216,92,29,0.61,0.66
carbon fiber,distressed,warm,#6B880E,107,136,14,0.95,0.99
tile,lacquered,natural,#434604,67,70,4,0.72,0.9
rubber,rough,professional,#D31714,211,23,20,0.6,0.97
carbon fiber,reflective,professional,#B2D116,178,209,22,0.2,0.68
rubber,matte,cold,#D0D8EE,208,216,238,0.66,0.94
steel,translucent,calm,#743F66,116,63,102,0.94,0.35
rubber,glossy,calm,#E6D0B2,230,208,178,0.19,0.61
stone,reflective,professional,#4C5AE1,76,90,225,0.5,0.97
paper,textured,soft,#2888CB,40,136,203,0.9,0.3
concrete,matte,calm,#A96B82,169,107,130,0.42,0.01
marble,weathered,playful,#11C3CA,17,195,202,0.55,0.87
clay,distressed,neutral,#67D5DF,103,213,223,0.44,0.06
tile,brushed,neutral,#CCE463,204,228,99,0.87,0.22
tile,glossy,cold,#BCCA2C,188,202,44,0.2,0.28
rubber,textured,soft,#9A88EB,154,136,235,0.9,0.42
stone,raw,warm,#27629C,39,98,156,0.31,0.73
sand,raw,soft,#4C43D4,76,67,212,0.11,0.33
tile,lacquered,warm,#9E80A5,158,128,165,0.23,0.64
steel,textured,aggressive,#B9A48C,185,164,140,0.15,0.01
bronze,glossy,energetic,#55475E,85,71,94,0.28,0.79
copper,opaque,neutral,#FD5D15,253,93,21,0.31,0.12
tile,rough,playful,#BDF967,189,249,103,0.37,0.16
stone,lacquered,natural,#8D725A,141,114,90,0.93,0.83
velvet,glossy,professional,#9621EB,150,33,235,0.69,0.13
tile,opaque,calm,#0A8B23,10,139,35,0.82,0.93
tile,polished,neutral,#AA152C,170,21,44,0.82,0.75
wood,lacquered,playful,#AF6211,175,98,17,0.89,0.5
wood,polished,soft,#9C530C,156,83,12,0.67,0.73
fabric,soft-touch,cold,#5A0CFF,90,12,255,0.13,0.45
clay,weathered,muted,#AF00E4,175,0,228,0.59,0.89
ceramic,brushed,warm,#377694,55,118,148,0.1,0.99
velvet,coated,neutral,#823DDE,130,61,222,0.29,0.28
wood,satin,professional,#268394,38,131,148,0.95,0.52
granite,translucent,luxury,#8379A0,131,121,160,0.34,0.19
sand,grainy,warm,#7A529A,122,82,154,0.46,0.58
marble,brushed,calm,#2B4865,43,72,101,0.13,0.56
wood,distressed,neutral,#67BFFF,103,191,255,0.26,0.27
aluminum,grainy,luxury,#C8360E,200,54,14,0.42,0.45
glass,polished,cold,#0DCE0D,13,206,13,0.44,0.64
granite,smooth,warm,#1EA3C1,30,163,193,0.39,0.08
rubber,polished,calm,#A0B944,160,185,68,0.42,0.16
plastic,textured,calm,#49CB0F,73,203,15,0.45,0.9
ceramic,satin,bright,#433E2D,67,62,45,0.95,0.95
velvet,opaque,neutral,#315234,49,82,52,0.17,0.45
stone,rough,aggressive,#B2B1FB,178,177,251,0.36,0.47
clay,glossy,calm,#2B1735,43,23,53,0.47,0.7
velvet,opaque,warm,#3F25C7,63,37,199,0.36,0.43
paper,translucent,warm,#1FA8B3,31,168,179,0.13,0.93
rubber,coated,aggressive,#94CC09,148,204,9,0.82,0.38
paper,rough,muted,#13EDAD,19,237,173,0.26,0.96
granite,lacquered,soft,#11E799,17,231,153,0.34,0.7
marble,brushed,professional,#95EBC6,149,235,198,0.63,0.56
concrete,rough,muted,#D8A097,216,160,151,0.14,0.02
marble,brushed,professional,#3045DA,48,69,218,0.27,0.89
aluminum,matte,soft,#E94A59,233,74,89,0.53,0.39
aluminum,satin,natural,#23EF17,35,239,23,0.42,0.42
clay,porous,playful,#8A27B3,138,39,179,0.38,0.23
aluminum,grainy,warm,#0EF454,14,244,84,0.89,0.67
brass,brushed,calm,#332C07,51,44,7,0.68,0.52
carbon fiber,glossy,calm,#BB606E,187,96,110,0.28,0.62
clay,aged,cold,#23A4F3,35,164,243,0.52,0.0
paper,porous,energetic,#E33476,227,52,118,0.76,0.76
stone,lacquered,muted,#0FF338,15,243,56,0.46,0.37
ceramic,lacquered,cold,#D2812A,210,129,42,0.47,0.62
sand,coated,neutral,#C401E4,196,1,228,0.13,0.24
glass,opaque,professional,#0E566A,14,86,106,0.33,0.34
steel,glossy,luxury,#270921,39,9,33,0.11,0.06
plastic,raw,mysterious,#8F6EC4,143,110,196,0.92,0.99
rubber,aged,warm,#A8AF37,168,175,55,0.46,0.8
sand,brushed,bright,#EA6FA4,234,111,164,0.4,0.28
paper,brushed,warm,#55119C,85,17,156,0.15,0.29
granite,opaque,professional,#24C710,36,199,16,0.4,0.01
leather,rough,mysterious,#CD32D2,205,50,210,0.69,0.89
aluminum,smooth,soft,#A7FAEE,167,250,238,0.3,0.51
ceramic,brushed,mysterious,#DE62D6,222,98,214,0.6,0.09
bronze,translucent,mysterious,#E9C2D9,233,194,217,0.1,0.58
paper,brushed,natural,#E6CBAF,230,203,175,0.42,0.72
carbon fiber,raw,natural,#B0E34E,176,227,78,0.6,0.48
granite,brushed,soft,#75FBA3,117,251,163,0.79,0.49
ceramic,grainy,muted,#AD7814,173,120,20,0.2,0.31
bronze,distressed,mysterious,#679F27,103,159,39,0.43,0.59
wood,raw,professional,#004453,0,68,83,0.17,0.95
plastic,textured,muted,#A88487,168,132,135,0.26,0.68
aluminum,lacquered,warm,#D3B4B2,211,180,178,0.77,0.36
metal,matte,luxury,#08C511,8,197,17,0.76,0.69
metal,rough,aggressive,#BA6B20,186,107,32,0.78,0.84
stone,textured,neutral,#EA92A7,234,146,167,0.28,0.38
concrete,rough,playful,#82DA6F,130,218,111,0.32,0.22
rubber,coated,soft,#F991AE,249,145,174,0.27,0.77
ceramic,soft-touch,soft,#D90DDD,217,13,221,0.7,0.96
fabric,matte,natural,#39EA37,57,234,55,0.36,0.42
clay,porous,natural,#50AE96,80,174,150,0.21,0.83
plastic,coated,professional,#79ED1C,121,237,28,0.88,0.94
steel,aged,luxury,#BA436A,186,67,106,0.52,0.51
clay,matte,luxury,#3602DE,54,2,222,0.2,0.59
paper,lacquered,natural,#79A9B7,121,169,183,0.16,0.02
metal,raw,soft,#106EDC,16,110,220,0.73,0.05
stone,glossy,aggressive,#22121F,34,18,31,0.71,0.05
sand,lacquered,aggressive,#D91FD3,217,31,211,0.16,0.78
fabric,coated,cold,#CB0CFD,203,12,253,0.11,0.96
steel,satin,soft,#E31875,227,24,117,0.51,0.85
leather,polished,mysterious,#CCE672,204,230,114,0.13,0.73
rubber,coated,professional,#CF50B8,207,80,184,0.63,0.47
aluminum,distressed,bright,#6A6B91,106,107,145,0.58,0.55
tile,translucent,playful,#DA2402,218,36,2,0.68,0.92
stone,brushed,cold,#7E7F1F,126,127,31,0.57,0.05
concrete,smooth,energetic,#8C6E17,140,110,23,0.34,0.22
velvet,soft-touch,playful,#691E26,105,30,38,0.57,0.54
plastic,matte,muted,#2B2A20,43,42,32,0.87,0.06
paper,polished,playful,#A4584A,164,88,74,0.57,0.4
glass,coated,mysterious,#E5BB9E,229,187,158,0.84,0.67
concrete,soft-touch,calm,#F67358,246,115,88,0.77,0.0
carbon fiber,reflective,soft,#AF7BFA,175,123,250,0.61,0.47
leather,weathered,calm,#E58BCC,229,139,204,0.56,0.9
carbon fiber,reflective,mysterious,#634C27,99,76,39,0.29,0.31
steel,soft-touch,cold,#C65215,198,82,21,0.29,0.95
steel,reflective,luxury,#D55884,213,88,132,0.63,0.53
aluminum,textured,bright,#B018FE,176,24,254,0.92,0.65
ceramic,distressed,luxury,#EF8CDF,239,140,223,0.76,0.9
paper,grainy,mysterious,#9DF05A,157,240,90,0.67,0.35
brass,matte,cold,#2E3C5A,46,60,90,0.46,0.23
ceramic,aged,muted,#D83E13,216,62,19,0.31,0.49
bronze,grainy,muted,#1892B8,24,146,184,0.2,0.56
steel,coated,natural,#0A75CB,10,117,203,0.17,0.29
metal,glossy,neutral,#5BE492,91,228,146,0.3,0.3
granite,smooth,cold,#356D94,53,109,148,0.55,0.63
brass,lacquered,bright,#A73944,167,57,68,0.51,0.71
plastic,porous,soft,#64A58B,100,165,139,0.21,0.21
wood,lacquered,luxury,#6C6B5A,108,107,90,0.25,0.62
wood,satin,soft,#B870D9,184,112,217,0.24,0.17
metal,textured,calm,#59D9DD,89,217,221,0.41,0.67
copper,coated,energetic,#ACE286,172,226,134,0.34,0.19
wood,porous,aggressive,#0AEDE2,10,237,226,0.34,0.94
fabric,aged,mysterious,#4C0C30,76,12,48,0.49,0.26
tile,lacquered,playful,#54E0F4,84,224,244,0.9,0.09
velvet,satin,cold,#1C51AE,28,81,174,0.35,0.72
sand,opaque,neutral,#CA52BD,202,82,189,0.73,0.68
glass,glossy,luxury,#8783E7,135,131,231,0.31,0.04
paper,translucent,calm,#212945,33,41,69,0.4,0.31
wood,coated,soft,#1D7C0C,29,124,12,0.6,0.48
tile,smooth,calm,#E041ED,224,65,237,0.68,0.53
ceramic,translucent,cold,#3FFAAE,63,250,174,0.39,0.41
bronze,lacquered,bright,#82F774,130,247,116,0.79,0.63
sand,lacquered,warm,#298E30,41,142,48,0.13,0.94
foam,grainy,natural,#0E9AAE,14,154,174,0.53,0.37
plastic,smooth,bright,#9E7571,158,117,113,0.66,0.66
plastic,rough,neutral,#C8542A,200,84,42,0.27,0.83
marble,distressed,aggressive,#68FCAB,104,252,171,0.33,0.54
foam,coated,natural,#665F0D,102,95,13,0.11,0.71
copper,lacquered,warm,#D75E18,215,94,24,0.62,0.33
clay,brushed,mysterious,#D08143,208,129,67,0.32,0.83
plastic,textured,neutral,#8EB1F0,142,177,240,0.52,0.27
clay,distressed,muted,#4C1654,76,22,84,0.86,0.69
paper,grainy,soft,#9D70AD,157,112,173,0.83,0.68
concrete,porous,cold,#78C7F2,120,199,242,0.71,0.64
leather,satin,mysterious,#7F9C4A,127,156,74,0.5,0.37
aluminum,aged,bright,#DFCACF,223,202,207,0.69,0.32
wood,distressed,soft,#599884,89,152,132,0.65,0.38
paper,soft-touch,natural,#1C9C43,28,156,67,0.71,0.88
leather,raw,luxury,#91111D,145,17,29,0.82,0.13
leather,soft-touch,playful,#3B6F79,59,111,121,0.25,0.76
leather,grainy,professional,#BB82D2,187,130,210,0.66,0.24
granite,porous,aggressive,#87EE98,135,238,152,0.61,0.01
paper,raw,playful,#549474,84,148,116,0.7,0.05
fabric,grainy,luxury,#5047E6,80,71,230,0.7,0.66
paper,translucent,calm,#ABA455,171,164,85,0.32,0.4
concrete,coated,luxury,#5FCE97,95,206,151,0.79,0.85
marble,raw,aggressive,#653A5E,101,58,94,0.41,0.5
stone,reflective,aggressive,#382395,56,35,149,0.23,0.37
plastic,distressed,cold,#98D0CF,152,208,207,0.39,0.06
plastic,aged,muted,#75D460,117,212,96,0.89,0.24
copper,lacquered,warm,#33BE39,51,190,57,0.61,0.21
foam,rough,warm,#ABF57E,171,245,126,0.38,0.28
brass,polished,energetic,#2CC1AD,44,193,173,0.7,0.72
ceramic,lacquered,muted,#F16BA0,241,107,160,0.11,0.48
carbon fiber,polished,soft,#5F8DCD,95,141,205,0.48,0.67
glass,matte,luxury,#BB4CD9,187,76,217,0.71,0.52
leather,satin,calm,#F266D1,242,102,209,0.21,0.08
concrete,textured,playful,#711D59,113,29,89,0.92,0.0
sand,glossy,luxury,#657000,101,112,0,0.93,0.89
brass,distressed,soft,#AB4D69,171,77,105,0.69,0.92
velvet,matte,muted,#8705C2,135,5,194,0.81,0.37
bronze,coated,natural,#A28110,162,129,16,0.52,0.07
fabric,lacquered,warm,#D4C388,212,195,136,0.12,0.48
brass,matte,mysterious,#C49F55,196,159,85,0.82,0.64
sand,soft-touch,cold,#C63A40,198,58,64,0.83,0.65
metal,brushed,playful,#055072,5,80,114,0.76,0.98
marble,lacquered,warm,#1C0E4B,28,14,75,0.61,0.36
bronze,rough,calm,#26D89E,38,216,158,0.88,0.52
leather,translucent,bright,#D0950D,208,149,13,0.6,0.43
foam,raw,cold,#A6A7D1,166,167,209,0.93,0.63
foam,raw,professional,#CFB524,207,181,36,0.93,0.95
granite,textured,luxury,#4BBA58,75,186,88,0.23,0.71
bronze,coated,neutral,#882CC6,136,44,198,0.17,0.38
ceramic,polished,neutral,#4AC367,74,195,103,0.83,0.98
rubber,brushed,professional,#F954A2,249,84,162,0.74,0.69
steel,grainy,energetic,#CF21DE,207,33,222,0.49,0.44
bronze,coated,energetic,#8023D4,128,35,212,0.6,0.96
aluminum,smooth,muted,#92C911,146,201,17,0.35,0.24
plastic,distressed,luxury,#74D767,116,215,103,0.76,0.72
clay,lacquered,calm,#771EDC,119,30,220,0.57,0.62
fabric,smooth,energetic,#1A3949,26,57,73,0.94,0.17
rubber,porous,playful,#9F3953,159,57,83,0.64,0.47
aluminum,smooth,bright,#95635A,149,99,90,0.3,0.71
steel,polished,calm,#652A83,101,42,131,0.89,0.42
plastic,coated,muted,#BC0DEF,188,13,239,0.72,0.48
granite,aged,bright,#323B60,50,59,96,0.79,0.11
wood,weathered,luxury,#938EF5,147,142,245,0.5,0.19
sand,lacquered,playful,#F9646E,249,100,110,0.22,0.5
carbon fiber,glossy,natural,#E3EB43,227,235,67,0.51,0.59
stone,distressed,mysterious,#223F99,34,63,153,0.79,0.87
brass,textured,warm,#5BE1B3,91,225,179,0.78,0.43
glass,reflective,professional,#E98C50,233,140,80,0.28,0.8
tile,smooth,neutral,#EA7F95,234,127,149,0.72,0.05
clay,smooth,aggressive,#6A6BF9,106,107,249,0.13,0.01
marble,satin,warm,#458FBF,69,143,191,0.22,0.88
fabric,brushed,playful,#C9C908,201,201,8,0.14,0.97
glass,matte,luxury,#47DB40,71,219,64,0.31,0.53
steel,weathered,soft,#065ACC,6,90,204,0.37,0.46
rubber,soft-touch,muted,#8D47B1,141,71,177,0.12,0.14
bronze,raw,luxury,#BB3BDB,187,59,219,0.1,0.25
sand,smooth,bright,#08D89D,8,216,157,0.94,0.89
foam,rough,mysterious,#8CF811,140,248,17,0.5,0.16
concrete,satin,muted,#7B99D5,123,153,213,0.81,0.71
ceramic,raw,warm,#933650,147,54,80,0.21,0.78
velvet,lacquered,luxury,#A7AEAD,167,174,173,0.83,0.34
stone,soft-touch,muted,#E5F242,229,242,66,0.68,0.58
wood,raw,natural,#19CE0F,25,206,15,0.24,0.0
ceramic,satin,cold,#7B5C56,123,92,86,0.6,0.68
steel,lacquered,soft,#E5BB32,229,187,50,0.21,0.75
bronze,rough,soft,#C4B36D,196,179,109,0.84,0.82
brass,opaque,bright,#5BC5AA,91,197,170,0.25,0.28
ceramic,aged,aggressive,#E3E30E,227,227,14,0.32,0.36
brass,opaque,energetic,#E8626A,232,98,106,0.51,0.3
marble,rough,soft,#B33BD8,179,59,216,0.78,0.54
steel,glossy,energetic,#C1A79E,193,167,158,0.92,0.8
marble,reflective,natural,#A99049,169,144,73,0.55,0.51
tile,polished,luxury,#ADA769,173,167,105,0.25,0.44
concrete,soft-touch,cold,#62FA2A,98,250,42,0.39,0.58
glass,distressed,mysterious,#519EE1,81,158,225,0.25,0.46
plastic,opaque,aggressive,#237842,35,120,66,0.31,0.76
copper,raw,muted,#902047,144,32,71,0.54,0.9
clay,textured,natural,#45365E,69,54,94,0.91,0.25
foam,grainy,luxury,#54278F,84,39,143,0.29,0.45
bronze,raw,bright,#400185,64,1,133,0.73,0.35
carbon fiber,rough,neutral,#0AD2FD,10,210,253,0.89,0.35
paper,lacquered,muted,#0BE090,11,224,144,0.55,0.07
fabric,brushed,natural,#E80BA5,232,11,165,0.4,0.77
glass,brushed,energetic,#63A357,99,163,87,0.25,0.92
clay,weathered,cold,#062F13,6,47,19,0.21,0.57
leather,opaque,aggressive,#403DCB,64,61,203,0.91,0.65
foam,weathered,luxury,#3100BB,49,0,187,0.41,0.27
copper,smooth,soft,#39678C,57,103,140,0.7,0.2
bronze,reflective,mysterious,#1098AD,16,152,173,0.72,0.78
bronze,polished,warm,#446677,68,102,119,0.56,0.52
ceramic,textured,professional,#6F4555,111,69,85,0.76,0.52
brass,matte,energetic,#26F636,38,246,54,0.4,0.52
tile,translucent,calm,#78AE9E,120,174,158,0.86,0.07
plastic,coated,playful,#89C2A6,137,194,166,0.59,0.52
aluminum,opaque,soft,#722A05,114,42,5,0.8,0.45
plastic,satin,professional,#AAE10A,170,225,10,0.78,0.31
tile,brushed,bright,#B1ABDD,177,171,221,0.46,0.92
wood,soft-touch,cold,#4B3983,75,57,131,0.62,0.89
ceramic,raw,playful,#A7830C,167,131,12,0.95,0.81
copper,rough,cold,#761774,118,23,116,0.33,0.34
marble,soft-touch,calm,#2C4447,44,68,71,0.55,0.83
glass,textured,soft,#87B75F,135,183,95,0.38,0.5
carbon fiber,matte,mysterious,#5DCECE,93,206,206,0.71,0.83
wood,distressed,warm,#306DEC,48,109,236,0.18,0.53
tile,raw,soft,#52AC17,82,172,23,0.42,0.04
carbon fiber,textured,mysterious,#2AADD1,42,173,209,0.11,0.44
bronze,satin,luxury,#AD53E4,173,83,228,0.51,0.59
carbon fiber,grainy,warm,#985737,152,87,55,0.12,0.74
ceramic,soft-touch,warm,#029908,2,153,8,0.28,0.69
bronze,smooth,professional,#2F070C,47,7,12,0.24,0.2
sand,weathered,calm,#AB7021,171,112,33,0.86,0.01
sand,reflective,luxury,#FE8B6A,254,139,106,0.43,0.89
ceramic,grainy,professional,#1458C2,20,88,194,0.81,0.19
paper,textured,warm,#B6D855,182,216,85,0.37,0.6
carbon fiber,textured,warm,#7A2A50,122,42,80,0.52,0.27
steel,polished,neutral,#5E13EB,94,19,235,0.52,0.0
clay,opaque,playful,#38C558,56,197,88,0.69,0.1
ceramic,distressed,neutral,#C0B12F,192,177,47,0.19,0.81
clay,satin,warm,#F498C7,244,152,199,0.57,0.64
clay,soft-touch,professional,#AB6FF9,171,111,249,0.59,0.23
marble,brushed,soft,#A14EC6,161,78,198,0.79,0.67
granite,polished,soft,#6BC1AA,107,193,170,0.68,0.14
plastic,aged,luxury,#0E0959,14,9,89,0.71,0.82
leather,rough,neutral,#DE27FB,222,39,251,0.83,0.09
sand,textured,neutral,#6A2FFE,106,47,254,0.82,0.28
sand,weathered,soft,#CCD805,204,216,5,0.53,0.87
foam,raw,mysterious,#B45441,180,84,65,0.9,0.77
tile,satin,energetic,#622C71,98,44,113,0.67,0.87
carbon fiber,matte,mysterious,#3FAF46,63,175,70,0.11,0.85
foam,smooth,soft,#242725,36,39,37,0.81,0.76
brass,textured,natural,#10CB79,16,203,121,0.34,0.94
wood,rough,natural,#0684C8,6,132,200,0.73,0.19
copper,grainy,playful,#2FEF09,47,239,9,0.5,0.88
plastic,satin,natural,#2EB1A1,46,177,161,0.94,0.81
steel,raw,bright,#3DF995,61,249,149,0.45,0.48
copper,rough,calm,#21483A,33,72,58,0.37,0.92
concrete,weathered,natural,#D024F7,208,36,247,0.5,0.08
copper,aged,professional,#3C9036,60,144,54,0.12,0.22
rubber,brushed,natural,#65EB7E,101,235,126,0.65,0.87
carbon fiber,raw,natural,#96752C,150,117,44,0.66,0.66
concrete,smooth,cold,#CE9E22,206,158,34,0.27,0.28
granite,brushed,cold,#7A12A3,122,18,163,0.68,0.99
bronze,matte,natural,#9F13D4,159,19,212,0.75,0.54
velvet,coated,calm,#71236B,113,35,107,0.77,0.68
foam,translucent,natural,#589926,88,153,38,0.86,0.64
wood,satin,soft,#EA6E5A,234,110,90,0.49,0.1
copper,smooth,natural,#DE0BDB,222,11,219,0.79,0.4
sand,brushed,professional,#62BA01,98,186,1,0.28,0.32
paper,brushed,cold,#26C0AA,38,192,170,0.44,0.2
foam,raw,calm,#084B11,8,75,17,0.41,0.25
stone,opaque,calm,#FA4A0C,250,74,12,0.23,0.89
concrete,rough,neutral,#9C79C7,156,121,199,0.75,0.35
metal,grainy,cold,#F1B154,241,177,84,0.78,0.41
ceramic,opaque,cold,#4F2D95,79,45,149,0.17,0.29
stone,matte,aggressive,#E55CD8,229,92,216,0.4,0.35
clay,satin,muted,#39843D,57,132,61,0.29,0.27
granite,raw,mysterious,#2E0ABB,46,10,187,0.25,0.53
marble,distressed,mysterious,#E20D1C,226,13,28,0.68,0.11
bronze,brushed,playful,#CB84CD,203,132,205,0.29,0.41
foam,soft-touch,aggressive,#3FEAE9,63,234,233,0.49,0.26
wood,porous,professional,#71A07C,113,160,124,0.33,0.35
clay,rough,natural,#D4807C,212,128,124,0.49,0.72
bronze,rough,neutral,#4376C2,67,118,194,0.95,0.61
tile,coated,luxury,#526B09,82,107,9,0.16,0.95
leather,rough,calm,#A1B0EB,161,176,235,0.2,0.97
brass,porous,warm,#2F33FB,47,51,251,0.37,0.54
concrete,smooth,playful,#3A9CE1,58,156,225,0.69,0.92
rubber,satin,aggressive,#B80C13,184,12,19,0.1,0.35
metal,grainy,luxury,#FCA3A9,252,163,169,0.42,0.36
ceramic,porous,cold,#4BA9CC,75,169,204,0.83,0.98
leather,brushed,muted,#E3F990,227,249,144,0.34,0.76
marble,rough,neutral,#BBBAAC,187,186,172,0.13,0.05
rubber,textured,mysterious,#63971B,99,151,27,0.36,0.28
copper,grainy,energetic,#B3C8A2,179,200,162,0.56,0.13
brass,opaque,natural,#FD1BA1,253,27,161,0.57,0.66
stone,smooth,warm,#2B8075,43,128,117,0.28,0.45
foam,smooth,muted,#017056,1,112,86,0.77,0.49
granite,weathered,bright,#C0888C,192,136,140,0.14,0.92
copper,grainy,calm,#7A525A,122,82,90,0.42,0.38
ceramic,porous,natural,#9E9EFF,158,158,255,0.57,0.71
tile,weathered,energetic,#7D96BD,125,150,189,0.32,0.47
glass,reflective,professional,#121036,18,16,54,0.63,0.84
marble,weathered,playful,#4AEE21,74,238,33,0.69,0.52
aluminum,matte,aggressive,#F3BA7E,243,186,126,0.77,0.55
wood,opaque,cold,#0E20AF,14,32,175,0.17,0.06
plastic,opaque,playful,#28DF89,40,223,137,0.62,0.52
granite,soft-touch,playful,#896334,137,99,52,0.31,0.67
copper,glossy,muted,#863E03,134,62,3,0.66,0.53
marble,translucent,natural,#DAE981,218,233,129,0.79,0.59
foam,soft-touch,luxury,#6CF38D,108,243,141,0.71,0.18
wood,opaque,luxury,#B18ECC,177,142,204,0.32,0.02
rubber,translucent,muted,#695450,105,84,80,0.52,0.85
leather,translucent,mysterious,#3DF824,61,248,36,0.51,0.25
glass,weathered,energetic,#4D20AD,77,32,173,0.37,0.33
carbon fiber,distressed,professional,#81A0EF,129,160,239,0.91,0.92
concrete,satin,energetic,#B13D5B,177,61,91,0.7,0.69
steel,brushed,energetic,#C3841D,195,132,29,0.13,0.83
glass,coated,playful,#B026FA,176,38,250,0.16,0.49
glass,soft-touch,energetic,#A4F9C3,164,249,195,0.92,0.51
aluminum,rough,muted,#198C6D,25,140,109,0.46,0.75
plastic,reflective,muted,#C2D407,194,212,7,0.53,0.54
granite,reflective,calm,#42F4D9,66,244,217,0.24,0.45
glass,matte,natural,#88BC76,136,188,118,0.26,0.56
plastic,matte,warm,#505C87,80,92,135,0.11,0.16
paper,smooth,bright,#4483D6,68,131,214,0.58,0.76
granite,matte,mysterious,#2EE681,46,230,129,0.61,0.62
steel,matte,energetic,#8299EE,130,153,238,0.87,0.84
foam,glossy,neutral,#B4B256,180,178,86,0.27,0.68
glass,aged,calm,#5252E1,82,82,225,0.89,0.58
concrete,porous,muted,#2A19EF,42,25,239,0.77,0.65
brass,brushed,warm,#74BE7B,116,190,123,0.11,0.1
paper,opaque,soft,#FC13E3,252,19,227,0.4,0.65
copper,polished,luxury,#716FB3,113,111,179,0.17,0.38
rubber,distressed,bright,#26397A,38,57,122,0.33,0.39
tile,glossy,bright,#9C61E7,156,97,231,0.69,0.61
rubber,opaque,mysterious,#7B550F,123,85,15,0.63,0.32
sand,soft-touch,neutral,#42E53F,66,229,63,0.11,0.9
foam,distressed,bright,#7AA2DD,122,162,221,0.92,0.81
aluminum,opaque,calm,#35056C,53,5,108,0.58,0.07
paper,textured,playful,#B9A838,185,168,56,0.12,0.75
steel,coated,mysterious,#C97FF5,201,127,245,0.5,0.21
steel,coated,professional,#9C3344,156,51,68,0.37,0.65
plastic,soft-touch,muted,#26C74F,38,199,79,0.82,0.45
velvet,coated,playful,#C9C426,201,196,38,0.74,0.94
steel,raw,mysterious,#92970C,146,151,12,0.53,0.73
tile,brushed,neutral,#426F90,66,111,144,0.3,0.5
steel,grainy,energetic,#5D4F3C,93,79,60,0.66,0.62
copper,brushed,bright,#7F805A,127,128,90,0.83,0.01
wood,matte,natural,#84AF11,132,175,17,0.54,0.41
stone,brushed,warm,#3E2641,62,38,65,0.75,0.35
leather,matte,natural,#A8451A,168,69,26,0.84,0.43
carbon fiber,grainy,calm,#9F108C,159,16,140,0.71,0.59
marble,opaque,aggressive,#2257FB,34,87,251,0.6,0.09
wood,brushed,aggressive,#DAA4B5,218,164,181,0.82,0.51
sand,lacquered,bright,#AC2FE3,172,47,227,0.65,0.4
marble,weathered,luxury,#441ED6,68,30,214,0.64,0.85
bronze,coated,natural,#76B8D9,118,184,217,0.66,0.45
sand,raw,warm,#9409C1,148,9,193,0.86,0.71
concrete,smooth,cold,#F0186C,240,24,108,0.54,0.96
paper,glossy,professional,#AF47E7,175,71,231,0.62,0.01
bronze,raw,calm,#78A542,120,165,66,0.85,0.93
clay,grainy,soft,#BC7EC1,188,126,193,0.8,0.21
bronze,matte,aggressive,#3ADBAB,58,219,171,0.76,0.1
plastic,rough,playful,#ACEE5C,172,238,92,0.64,0.99
carbon fiber,raw,professional,#D0DF4E,208,223,78,0.29,0.3
foam,brushed,energetic,#88C303,136,195,3,0.28,0.73
rubber,matte,mysterious,#962603,150,38,3,0.36,0.07
concrete,polished,calm,#6FDDCE,111,221,206,0.88,0.32
plastic,porous,professional,#2597B9,37,151,185,0.51,0.07
fabric,porous,mysterious,#396734,57,103,52,0.64,0.85
granite,porous,muted,#87D2EC,135,210,236,0.57,0.87
glass,matte,aggressive,#2C74AC,44,116,172,0.56,0.63
tile,porous,calm,#DEAE59,222,174,89,0.23,0.59
clay,matte,natural,#82771A,130,119,26,0.16,0.23
marble,coated,neutral,#582D47,88,45,71,0.89,0.34
aluminum,raw,playful,#8E91E5,142,145,229,0.75,0.8
sand,rough,professional,#EB7651,235,118,81,0.55,0.79
marble,soft-touch,neutral,#0731E1,7,49,225,0.91,0.88
ceramic,polished,neutral,#B25971,178,89,113,0.43,0.58
sand,porous,energetic,#4AF58B,74,245,139,0.14,0.81
brass,matte,calm,#350180,53,1,128,0.48,0.85
steel,reflective,mysterious,#A2F842,162,248,66,0.23,0.46
bronze,polished,playful,#9C002D,156,0,45,0.33,0.2
velvet,porous,neutral,#16D333,22,211,51,0.47,0.92
carbon fiber,grainy,professional,#D02786,208,39,134,0.86,0.76
metal,reflective,bright,#D1844B,209,132,75,0.68,0.12
stone,porous,cold,#CD57FF,205,87,255,0.71,0.74
leather,polished,professional,#C3D6CE,195,214,206,0.11,0.3
stone,satin,luxury,#BD053A,189,5,58,0.79,0.42
sand,soft-touch,professional,#4FDBDC,79,219,220,0.83,0.11
granite,textured,cold,#07A856,7,168,86,0.52,0.68
ceramic,brushed,mysterious,#828F1D,130,143,29,0.5,0.23
concrete,coated,warm,#9E0586,158,5,134,0.43,0.24
leather,textured,calm,#85BE87,133,190,135,0.29,0.22
carbon fiber,reflective,luxury,#88A265,136,162,101,0.21,0.16
leather,opaque,neutral,#8BC745,139,199,69,0.24,0.64
rubber,coated,mysterious,#5AB9D9,90,185,217,0.86,0.85
ceramic,translucent,neutral,#A2E6D5,162,230,213,0.27,0.65
sand,porous,luxury,#1D29AA,29,41,170,0.84,0.69
stone,weathered,muted,#41EA0A,65,234,10,0.59,0.21
fabric,smooth,mysterious,#CE8A09,206,138,9,0.74,0.41
marble,brushed,playful,#3817B5,56,23,181,0.8,0.92
granite,coated,calm,#32AD50,50,173,80,0.11,0.47
carbon fiber,distressed,aggressive,#F72F56,247,47,86,0.76,0.7
glass,opaque,soft,#A0DE59,160,222,89,0.67,0.75
ceramic,grainy,cold,#97D6A0,151,214,160,0.68,0.24
clay,opaque,mysterious,#91C772,145,199,114,0.9,0.04
carbon fiber,porous,neutral,#DB1AFB,219,26,251,0.6,0.94
marble,weathered,bright,#CD7BA1,205,123,161,0.91,0.69
paper,lacquered,soft,#9C41CB,156,65,203,0.62,0.09
brass,translucent,luxury,#DD7711,221,119,17,0.89,0.18
carbon fiber,distressed,bright,#733B77,115,59,119,0.46,0.3
granite,weathered,energetic,#174B7D,23,75,125,0.34,0.57
aluminum,soft-touch,warm,#AFA9EC,175,169,236,0.85,0.11
marble,opaque,neutral,#7C406E,124,64,110,0.46,0.55
foam,brushed,natural,#3816C9,56,22,201,0.12,0.04
fabric,weathered,muted,#0366B2,3,102,178,0.14,0.25
glass,smooth,warm,#E5AA5B,229,170,91,0.64,0.1
carbon fiber,aged,cold,#619DB6,97,157,182,0.27,0.66
aluminum,brushed,muted,#81CCB1,129,204,177,0.73,0.34
copper,smooth,bright,#F5F495,245,244,149,0.64,0.13
paper,textured,aggressive,#A1097E,161,9,126,0.72,0.15
fabric,porous,energetic,#F4F5F7,244,245,247,0.3,0.01
granite,lacquered,aggressive,#9F5236,159,82,54,0.83,1.0
stone,coated,aggressive,#FBC5E9,251,197,233,0.74,0.62
brass,textured,warm,#5555A3,85,85,163,0.22,0.08
plastic,opaque,aggressive,#539E85,83,158,133,0.43,0.67
marble,brushed,warm,#184CF6,24,76,246,0.21,0.97
granite,polished,neutral,#580EC0,88,14,192,0.55,0.42
fabric,rough,neutral,#4412A2,68,18,162,0.85,0.11
sand,polished,professional,#9AE6AF,154,230,175,0.45,0.21
copper,smooth,energetic,#F9043B,249,4,59,0.44,0.61
brass,translucent,warm,#FBC016,251,192,22,0.94,0.06
rubber,grainy,natural,#791A39,121,26,57,0.51,0.23
granite,reflective,cold,#27FB6E,39,251,110,0.58,0.4
carbon fiber,satin,bright,#34F6E1,52,246,225,0.45,0.4
copper,translucent,aggressive,#466C48,70,108,72,0.73,0.61
velvet,translucent,luxury,#4E8029,78,128,41,0.85,0.37
tile,porous,luxury,#9A4B45,154,75,69,0.22,0.8
marble,aged,professional,#BF3E46,191,62,70,0.73,0.93
tile,grainy,playful,#BAE637,186,230,55,0.25,0.22
glass,coated,muted,#4C3C69,76,60,105,0.15,0.54
ceramic,lacquered,calm,#3F65FD,63,101,253,0.8,0.92
foam,translucent,muted,#CF44F8,207,68,248,0.51,0.24
paper,textured,luxury,#450962,69,9,98,0.67,0.22
glass,soft-touch,cold,#1C3F97,28,63,151,0.49,0.2
tile,textured,calm,#770313,119,3,19,0.22,0.88
marble,glossy,cold,#F1AE08,241,174,8,0.22,0.44
marble,raw,natural,#1E5FFB,30,95,251,0.47,0.99
fabric,textured,soft,#1FA570,31,165,112,0.11,0.46
carbon fiber,grainy,energetic,#E7A7BD,231,167,189,0.21,0.41
paper,smooth,bright,#7C9CC1,124,156,193,0.48,0.33
marble,opaque,mysterious,#6692F7,102,146,247,0.42,0.23
clay,smooth,natural,#3CD2D5,60,210,213,0.21,0.57
glass,brushed,calm,#BB64AC,187,100,172,0.7,0.19
marble,raw,playful,#93B6D8,147,182,216,0.11,0.32
aluminum,soft-touch,neutral,#3B4738,59,71,56,0.61,0.81
stone,weathered,professional,#F2E2A6,242,226,166,0.53,0.66
fabric,satin,professional,#F404A0,244,4,160,0.5,0.96
aluminum,lacquered,luxury,#2D6258,45,98,88,0.35,0.85
tile,reflective,muted,#A23C4B,162,60,75,0.44,0.38
carbon fiber,opaque,bright,#2AD817,42,216,23,0.91,0.95
plastic,weathered,energetic,#0BB322,11,179,34,0.62,0.59
marble,porous,soft,#0A05D5,10,5,213,0.85,0.17
granite,distressed,luxury,#8BD57F,139,213,127,0.29,0.56
plastic,polished,playful,#BDB80B,189,184,11,0.7,0.26
rubber,brushed,warm,#10A471,16,164,113,0.32,0.02
glass,satin,natural,#0A7275,10,114,117,0.27,0.46
brass,brushed,natural,#6E78D9,110,120,217,0.23,0.04
wood,reflective,muted,#D9BCC9,217,188,201,0.85,0.55
marble,soft-touch,cold,#589103,88,145,3,0.78,0.38
metal,porous,aggressive,#5C4742,92,71,66,0.31,0.58
carbon fiber,translucent,bright,#B9F93E,185,249,62,0.71,0.35
copper,soft-touch,bright,#140E1B,20,14,27,0.65,0.88
granite,satin,mysterious,#DADDBB,218,221,187,0.42,0.35
granite,polished,luxury,#8E85E7,142,133,231,0.15,0.98
clay,aged,natural,#DE51DE,222,81,222,0.31,0.67
plastic,porous,natural,#AA97F6,170,151,246,0.18,0.37
stone,lacquered,bright,#FBCCFB,251,204,251,0.89,0.88
tile,soft-touch,mysterious,#DFC196,223,193,150,0.45,0.86
wood,matte,energetic,#DBCA9D,219,202,157,0.6,0.04
aluminum,soft-touch,mysterious,#ACC2CE,172,194,206,0.26,0.76
sand,soft-touch,muted,#FF4C17,255,76,23,0.93,0.21
marble,coated,energetic,#508D3D,80,141,61,0.82,0.18
wood,matte,calm,#7574BA,117,116,186,0.44,0.04
steel,translucent,soft,#014392,1,67,146,0.34,0.86
tile,aged,natural,#7956F4,121,86,244,0.38,0.41
metal,brushed,neutral,#35DC98,53,220,152,0.84,0.97
glass,soft-touch,calm,#0AD01C,10,208,28,0.46,0.74
stone,satin,calm,#489204,72,146,4,0.44,0.23
rubber,rough,mysterious,#E2283C,226,40,60,0.39,0.46
velvet,polished,professional,#30DB74,48,219,116,0.68,0.32
concrete,reflective,mysterious,#1A30CF,26,48,207,0.89,0.17
steel,rough,warm,#009B88,0,155,136,0.35,0.22
carbon fiber,aged,muted,#49DFA2,73,223,162,0.37,0.97
carbon fiber,opaque,warm,#133C0C,19,60,12,0.8,0.12
sand,coated,energetic,#EFA11F,239,161,31,0.17,0.2
glass,textured,professional,#29655A,41,101,90,0.69,0.4
carbon fiber,soft-touch,professional,#5F8C41,95,140,65,0.37,0.93
granite,rough,natural,#1A2848,26,40,72,0.75,0.34
rubber,distressed,mysterious,#F367D5,243,103,213,0.18,0.29
leather,weathered,cold,#DBAC5C,219,172,92,0.21,0.45
tile,weathered,soft,#D8BA31,216,186,49,0.39,0.85
copper,distressed,playful,#7A9496,122,148,150,0.51,0.68
glass,coated,energetic,#56EC7D,86,236,125,0.5,0.51
stone,reflective,playful,#4C57D7,76,87,215,0.89,0.89
marble,rough,warm,#A99FC6,169,159,198,0.86,0.2
bronze,satin,muted,#176B1B,23,107,27,0.53,0.61
wood,raw,warm,#63722D,99,114,45,0.28,0.5
tile,translucent,luxury,#04F4D3,4,244,211,0.3,0.36
carbon fiber,raw,energetic,#0207B9,2,7,185,0.84,0.53
fabric,aged,mysterious,#6D51C4,109,81,196,0.29,0.63
carbon fiber,reflective,professional,#BA6A99,186,106,153,0.19,0.37
aluminum,raw,playful,#617D74,97,125,116,0.59,0.34
carbon fiber,soft-touch,energetic,#415305,65,83,5,0.86,0.96
foam,aged,soft,#5D21B2,93,33,178,0.32,0.77
marble,soft-touch,bright,#97F52B,151,245,43,0.78,0.51
granite,smooth,warm,#DEF033,222,240,51,0.83,0.19
plastic,porous,neutral,#438FAF,67,143,175,0.41,0.75
metal,smooth,mysterious,#4CB4DC,76,180,220,0.68,0.69
tile,coated,neutral,#F2E6AC,242,230,172,0.22,0.77
velvet,rough,mysterious,#C72AE3,199,42,227,0.8,0.38
paper,weathered,neutral,#E145C9,225,69,201,0.32,0.49
wood,smooth,mysterious,#B6A508,182,165,8,0.94,0.51
rubber,coated,calm,#CAE9CB,202,233,203,0.34,0.37
concrete,opaque,soft,#C71200,199,18,0,0.19,0.64
tile,glossy,playful,#9C4750,156,71,80,0.27,0.08
copper,grainy,warm,#CB8A02,203,138,2,0.38,0.38
leather,polished,warm,#BC8447,188,132,71,0.94,0.71
foam,rough,muted,#739216,115,146,22,0.51,0.14
foam,polished,natural,#39AF00,57,175,0,0.33,0.76
marble,weathered,luxury,#A7B869,167,184,105,0.23,0.74
granite,weathered,cold,#73E251,115,226,81,0.61,0.16
sand,reflective,bright,#8FA24A,143,162,74,0.54,0.23
steel,reflective,playful,#15B393,21,179,147,0.2,0.76
metal,glossy,playful,#DE007E,222,0,126,0.71,0.16
ceramic,polished,neutral,#E146AC,225,70,172,0.52,0.13
carbon fiber,smooth,warm,#5AD6E4,90,214,228,0.14,0.55
paper,polished,professional,#07F791,7,247,145,0.5,0.64
bronze,polished,warm,#3FD37E,63,211,126,0.36,0.61
carbon fiber,rough,soft,#721488,114,20,136,0.63,0.98
leather,lacquered,playful,#C39C6B,195,156,107,0.76,0.93
rubber,polished,luxury,#7BEA51,123,234,81,0.62,0.57
wood,weathered,energetic,#10FAC9,16,250,201,0.92,0.79
clay,lacquered,warm,#9007FB,144,7,251,0.16,0.21
foam,translucent,natural,#5F9E84,95,158,132,0.5,0.48
rubber,reflective,aggressive,#2FF48A,47,244,138,0.56,0.16
wood,aged,playful,#C19C52,193,156,82,0.83,0.17
ceramic,translucent,calm,#2A869C,42,134,156,0.42,0.91
aluminum,aged,aggressive,#B53D50,181,61,80,0.47,0.33
metal,smooth,natural,#6F3B51,111,59,81,0.8,0.56
rubber,porous,warm,#59FBBA,89,251,186,0.23,0.97
clay,porous,neutral,#C36F84,195,111,132,0.48,0.43
paper,lacquered,playful,#52DB19,82,219,25,0.63,0.74
carbon fiber,translucent,luxury,#3672ED,54,114,237,0.73,0.7
copper,soft-touch,professional,#0614B2,6,20,178,0.21,0.46
rubber,smooth,playful,#123947,18,57,71,0.29,0.68
steel,brushed,playful,#D2FB7B,210,251,123,0.84,0.13
metal,coated,playful,#36CF60,54,207,96,0.6,0.21
tile,textured,energetic,#A90D29,169,13,41,0.38,0.03
bronze,reflective,neutral,#3B0F56,59,15,86,0.67,0.48
stone,polished,muted,#AA1397,170,19,151,0.35,0.8
tile,weathered,aggressive,#417CEF,65,124,239,0.84,0.62
rubber,translucent,warm,#59D05C,89,208,92,0.33,0.12
foam,porous,luxury,#615B29,97,91,41,0.22,0.12
wood,grainy,neutral,#AD7B64,173,123,100,0.14,0.98
velvet,brushed,luxury,#6B0872,107,8,114,0.54,0.43
tile,distressed,bright,#5AE4DE,90,228,222,0.77,0.51
concrete,distressed,playful,#100ECF,16,14,207,0.65,0.16
tile,reflective,professional,#8AD33D,138,211,61,0.77,0.48
rubber,polished,warm,#5C0DE5,92,13,229,0.22,0.5
paper,lacquered,playful,#894A86,137,74,134,0.26,0.48
aluminum,lacquered,energetic,#4E4369,78,67,105,0.25,0.59
wood,polished,calm,#C3B2E2,195,178,226,0.12,0.01
carbon fiber,rough,cold,#43F0FC,67,240,252,0.3,0.52
metal,reflective,playful,#BA4522,186,69,34,0.53,0.91
paper,textured,cold,#C33DB5,195,61,181,0.22,0.23
clay,soft-touch,muted,#75649D,117,100,157,0.53,0.11
aluminum,glossy,natural,#3E5183,62,81,131,0.78,0.36
copper,polished,playful,#1EDB8C,30,219,140,0.83,0.39
clay,coated,warm,#FEDBAE,254,219,174,0.82,0.16
velvet,coated,mysterious,#434680,67,70,128,0.91,0.99
ceramic,raw,calm,#CDA92F,205,169,47,0.46,0.66
concrete,glossy,professional,#77F332,119,243,50,0.28,0.38
tile,textured,professional,#6C75C1,108,117,193,0.45,0.1
plastic,glossy,professional,#FFF465,255,244,101,0.77,1.0
leather,raw,professional,#C8FEE7,200,254,231,0.46,0.57
velvet,polished,warm,#062B1C,6,43,28,0.69,0.33
plastic,reflective,neutral,#C81A64,200,26,100,0.62,0.19
concrete,glossy,natural,#B46774,180,103,116,0.12,0.65
brass,brushed,calm,#C24054,194,64,84,0.5,0.73
leather,weathered,luxury,#BA0D99,186,13,153,0.38,0.91
wood,grainy,playful,#101810,16,24,16,0.13,0.36
marble,brushed,natural,#169F08,22,159,8,0.33,0.52
bronze,glossy,cold,#A22FA1,162,47,161,0.33,0.34
aluminum,matte,mysterious,#AC1D11,172,29,17,0.19,0.94
aluminum,smooth,warm,#C5F90D,197,249,13,0.41,0.59
velvet,textured,calm,#D10CBC,209,12,188,0.69,0.45
copper,opaque,warm,#7DF720,125,247,32,0.56,0.4
plastic,grainy,cold,#F31673,243,22,115,0.76,0.56
foam,aged,muted,#B812DF,184,18,223,0.23,0.26
marble,rough,luxury,#D59CD8,213,156,216,0.58,0.52
metal,porous,natural,#960A50,150,10,80,0.73,0.74
velvet,polished,bright,#D07CB9,208,124,185,0.48,0.95
velvet,brushed,mysterious,#201738,32,23,56,0.28,0.17
steel,satin,playful,#F0E416,240,228,22,0.92,0.49
marble,polished,professional,#D7FA56,215,250,86,0.59,0.17
paper,reflective,natural,#FFE588,255,229,136,0.78,0.22
brass,opaque,cold,#3F83A7,63,131,167,0.27,0.62
stone,translucent,professional,#C6334F,198,51,79,0.9,0.74
brass,textured,neutral,#73DA6D,115,218,109,0.69,0.08
aluminum,opaque,cold,#5BA4EA,91,164,234,0.4,0.57
plastic,brushed,aggressive,#8F78D0,143,120,208,0.74,0.15
foam,opaque,cold,#70DFAD,112,223,173,0.28,0.82
glass,satin,warm,#FFB207,255,178,7,0.92,0.96
concrete,smooth,energetic,#60C78A,96,199,138,0.5,0.41
bronze,matte,professional,#89B0C1,137,176,193,0.58,0.97
concrete,matte,aggressive,#11F95C,17,249,92,0.93,0.82
marble,reflective,soft,#692E9E,105,46,158,0.65,0.89
clay,smooth,playful,#4B998A,75,153,138,0.27,0.27
foam,glossy,calm,#EA8BD6,234,139,214,0.24,0.86
copper,raw,aggressive,#2DE478,45,228,120,0.95,0.15
stone,translucent,professional,#6C4510,108,69,16,0.33,0.42
stone,coated,professional,#054657,5,70,87,0.91,0.72
concrete,lacquered,mysterious,#545C6D,84,92,109,0.36,0.36
paper,reflective,soft,#0AF3BC,10,243,188,0.89,0.67
marble,soft-touch,playful,#C99855,201,152,85,0.27,0.3
leather,distressed,muted,#4AD7D9,74,215,217,0.26,0.96
aluminum,weathered,calm,#693815,105,56,21,0.59,0.43
velvet,porous,bright,#FFBA93,255,186,147,0.87,0.23
plastic,aged,soft,#7AC66C,122,198,108,0.79,0.77
bronze,grainy,aggressive,#74B85C,116,184,92,0.89,0.49
fabric,matte,aggressive,#967D13,150,125,19,0.63,0.29
carbon fiber,translucent,soft,#A43DB3,164,61,179,0.41,0.39
fabric,weathered,mysterious,#4969C1,73,105,193,0.42,0.86
velvet,reflective,neutral,#93A801,147,168,1,0.23,0.28
stone,brushed,luxury,#C00533,192,5,51,0.83,0.5
wood,weathered,soft,#543867,84,56,103,0.16,0.02
granite,soft-touch,aggressive,#27EB81,39,235,129,0.42,0.25
velvet,smooth,soft,#AA5AEA,170,90,234,0.36,0.2
velvet,distressed,playful,#04BB7C,4,187,124,0.31,0.98
aluminum,grainy,calm,#760572,118,5,114,0.87,0.15
aluminum,lacquered,soft,#5CDA30,92,218,48,0.68,0.52
metal,rough,energetic,#14E952,20,233,82,0.39,0.1
carbon fiber,distressed,cold,#B95B99,185,91,153,0.39,0.14
copper,distressed,playful,#45DD97,69,221,151,0.5,0.93
marble,brushed,mysterious,#CF4DDA,207,77,218,0.49,0.35
leather,lacquered,natural,#6CCDF3,108,205,243,0.34,0.1
plastic,rough,natural,#4425CC,68,37,204,0.44,0.43
granite,smooth,professional,#91452A,145,69,42,0.56,0.72
bronze,glossy,neutral,#E0BD71,224,189,113,0.56,0.69
copper,weathered,playful,#C84D9F,200,77,159,0.83,0.63
foam,translucent,mysterious,#45D41B,69,212,27,0.43,0.94
wood,polished,mysterious,#001A2A,0,26,42,0.53,0.89
sand,satin,natural,#41C4A0,65,196,160,0.38,0.24
stone,porous,neutral,#2A105A,42,16,90,0.89,0.37
stone,satin,calm,#EB9E9C,235,158,156,0.4,0.66
glass,glossy,neutral,#A187D7,161,135,215,0.92,0.84
wood,porous,cold,#9BFB00,155,251,0,0.26,0.33
glass,brushed,warm,#68EE1D,104,238,29,0.23,0.57
rubber,matte,aggressive,#EB4B99,235,75,153,0.22,0.77
marble,raw,playful,#BB5609,187,86,9,0.79,0.53
metal,weathered,energetic,#CBA89C,203,168,156,0.33,0.3
carbon fiber,glossy,cold,#A68840,166,136,64,0.16,0.52
bronze,opaque,professional,#2F95A7,47,149,167,0.74,0.67
clay,textured,muted,#E85306,232,83,6,0.15,0.35
plastic,polished,bright,#09FD16,9,253,22,0.62,0.26
carbon fiber,weathered,cold,#F53159,245,49,89,0.94,0.26
clay,weathered,bright,#892D7C,137,45,124,0.76,0.5
fabric,aged,energetic,#7EFA67,126,250,103,0.5,0.5
granite,porous,muted,#7B4407,123,68,7,0.65,0.79
concrete,grainy,soft,#14BD94,20,189,148,0.48,0.02
brass,porous,professional,#C6BF36,198,191,54,0.18,0.95
clay,matte,energetic,#81BCCE,129,188,206,0.6,0.36
granite,translucent,aggressive,#3F087F,63,8,127,0.9,0.61
fabric,polished,aggressive,#748E5E,116,142,94,0.63,0.83
aluminum,porous,cold,#26D55B,38,213,91,0.3,0.68
tile,raw,energetic,#FED63C,254,214,60,0.41,0.16
leather,soft-touch,bright,#5C8F5C,92,143,92,0.4,0.07
foam,translucent,calm,#D2E015,210,224,21,0.28,0.86
copper,soft-touch,cold,#906F8F,144,111,143,0.74,0.1
bronze,aged,cold,#6D75FD,109,117,253,0.29,0.34
marble,satin,aggressive,#95843E,149,132,62,0.63,0.83
concrete,smooth,aggressive,#03EAC6,3,234,198,0.93,0.33
ceramic,smooth,natural,#653047,101,48,71,0.46,0.67
foam,smooth,bright,#A85A03,168,90,3,0.24,0.21
foam,weathered,cold,#1384FE,19,132,254,0.69,0.3
clay,soft-touch,soft,#1F8C34,31,140,52,0.28,0.55
fabric,matte,soft,#2CA9E5,44,169,229,0.22,0.01
velvet,rough,professional,#CE14F5,206,20,245,0.8,0.11
steel,soft-touch,natural,#B74E2A,183,78,42,0.7,0.91
glass,grainy,soft,#6267D4,98,103,212,0.86,0.01
sand,reflective,natural,#00FACE,0,250,206,0.77,0.38
velvet,smooth,warm,#EE650E,238,101,14,0.86,0.84
brass,aged,soft,#BB2969,187,41,105,0.82,0.24
wood,raw,aggressive,#233F17,35,63,23,0.73,0.93
velvet,glossy,soft,#C322B2,195,34,178,0.19,0.73
copper,translucent,soft,#618E50,97,142,80,0.17,0.37
carbon fiber,raw,mysterious,#85CB20,133,203,32,0.81,0.53
tile,porous,soft,#B484CA,180,132,202,0.74,0.11
marble,polished,professional,#DC5DBE,220,93,190,0.79,0.74
aluminum,lacquered,aggressive,#A7F8B2,167,248,178,0.89,0.6
steel,distressed,playful,#3CDDEB,60,221,235,0.58,0.52
brass,matte,mysterious,#E6F72C,230,247,44,0.93,0.91
fabric,rough,playful,#B1A59F,177,165,159,0.66,0.93
fabric,translucent,bright,#F41653,244,22,83,0.68,0.16
foam,distressed,luxury,#9EAD31,158,173,49,0.87,0.87
clay,grainy,soft,#FF2150,255,33,80,0.86,0.6
foam,translucent,calm,#AA461A,170,70,26,0.68,0.62
copper,satin,cold,#7F5C26,127,92,38,0.18,0.81
marble,matte,muted,#0358FF,3,88,255,0.24,0.8
brass,grainy,aggressive,#3EE25D,62,226,93,0.34,0.27
ceramic,rough,energetic,#BFC2ED,191,194,237,0.29,0.17
tile,rough,professional,#55826F,85,130,111,0.83,0.45
aluminum,rough,aggressive,#0EAA9D,14,170,157,0.49,0.68
concrete,soft-touch,luxury,#528917,82,137,23,0.93,0.21
clay,textured,warm,#A0F15F,160,241,95,0.71,0.15
clay,raw,professional,#9AADE9,154,173,233,0.92,0.13
sand,weathered,neutral,#FF29B6,255,41,182,0.67,0.52
tile,raw,soft,#9B7624,155,118,36,0.56,0.51
granite,reflective,luxury,#9A1C77,154,28,119,0.84,0.69
clay,smooth,warm,#F064EA,240,100,234,0.64,0.71
tile,opaque,muted,#1F1129,31,17,41,0.76,0.46
fabric,smooth,calm,#D906EB,217,6,235,0.27,0.01
ceramic,porous,bright,#638AD6,99,138,214,0.89,0.61
steel,brushed,warm,#BE002B,190,0,43,0.66,0.91
carbon fiber,smooth,mysterious,#C6E836,198,232,54,0.35,0.72
brass,aged,bright,#924D2E,146,77,46,0.18,0.73
concrete,soft-touch,professional,#68D022,104,208,34,0.16,0.08
steel,polished,neutral,#BAFBBF,186,251,191,0.18,0.02
bronze,aged,aggressive,#F66870,246,104,112,0.71,0.8
foam,grainy,warm,#4932B5,73,50,181,0.16,0.65
bronze,soft-touch,natural,#D5EBD1,213,235,209,0.3,0.86
paper,opaque,cold,#888796,136,135,150,0.61,0.97
paper,raw,luxury,#3B4748,59,71,72,0.23,0.28
leather,rough,playful,#A46C23,164,108,35,0.27,0.45
foam,distressed,playful,#A4EE49,164,238,73,0.62,0.8
aluminum,textured,professional,#D8DE16,216,222,22,0.61,0.41
leather,soft-touch,energetic,#D14D19,209,77,25,0.43,0.22
steel,grainy,warm,#D1928E,209,146,142,0.2,0.15
copper,smooth,luxury,#72A25F,114,162,95,0.76,0.22
marble,reflective,bright,#A10340,161,3,64,0.18,0.51
granite,coated,aggressive,#A06180,160,97,128,0.53,0.92
carbon fiber,soft-touch,neutral,#D86A46,216,106,70,0.71,0.57
leather,polished,mysterious,#8CFAEE,140,250,238,0.68,0.67
marble,glossy,calm,#485F16,72,95,22,0.16,0.42
copper,weathered,bright,#76AC07,118,172,7,0.65,0.5
glass,weathered,luxury,#32BF1C,50,191,28,0.11,0.86
paper,aged,energetic,#B61947,182,25,71,0.81,0.91
ceramic,distressed,playful,#CC634D,204,99,77,0.3,0.88
granite,weathered,playful,#57AFEC,87,175,236,0.93,0.57
plastic,polished,warm,#34697F,52,105,127,0.84,0.7
granite,soft-touch,soft,#1AACD1,26,172,209,0.57,0.79
carbon fiber,grainy,mysterious,#5F1E57,95,30,87,0.23,0.05
wood,opaque,natural,#50493C,80,73,60,0.86,0.49
concrete,reflective,natural,#E1C845,225,200,69,0.61,0.73
aluminum,glossy,cold,#52137E,82,19,126,0.74,0.57
marble,aged,cold,#24452B,36,69,43,0.77,0.93
stone,opaque,energetic,#160A70,22,10,112,0.17,0.22
rubber,opaque,professional,#572FEB,87,47,235,0.6,0.97
marble,glossy,aggressive,#70BA06,112,186,6,0.15,0.3
plastic,porous,soft,#FA5ADA,250,90,218,0.78,0.21
concrete,rough,soft,#F3D2E5,243,210,229,0.56,0.6
plastic,soft-touch,muted,#75A8BE,117,168,190,0.26,0.85
steel,textured,natural,#118AC3,17,138,195,0.64,1.0
tile,opaque,professional,#626011,98,96,17,0.82,0.12
stone,weathered,muted,#58CB68,88,203,104,0.34,0.43
plastic,coated,bright,#726E3E,114,110,62,0.2,0.29
stone,aged,soft,#A6C8EE,166,200,238,0.59,0.48
wood,satin,soft,#5B22B0,91,34,176,0.31,0.21
metal,weathered,luxury,#2A0780,42,7,128,0.46,0.53
bronze,matte,warm,#D108AB,209,8,171,0.19,0.72
plastic,matte,natural,#D936AA,217,54,170,0.55,0.3
marble,translucent,natural,#F4108E,244,16,142,0.38,0.87
steel,coated,mysterious,#058C39,5,140,57,0.93,0.19
copper,glossy,calm,#DAADB3,218,173,179,0.93,0.61
steel,weathered,playful,#7312EC,115,18,236,0.86,0.25
velvet,rough,cold,#BE1A4A,190,26,74,0.39,0.1
sand,coated,professional,#128188,18,129,136,0.79,0.55
foam,reflective,bright,#D492F9,212,146,249,0.44,0.89
metal,smooth,muted,#ECB2E7,236,178,231,0.22,0.76
wood,textured,muted,#40F3A9,64,243,169,0.47,0.15
ceramic,satin,calm,#5B82A8,91,130,168,0.14,0.41
glass,matte,aggressive,#D97476,217,116,118,0.15,0.41
wood,coated,warm,#33B4F9,51,180,249,0.88,0.1
metal,matte,professional,#60897B,96,137,123,0.24,0.33
metal,opaque,neutral,#EE98B5,238,152,181,0.19,0.95
paper,polished,cold,#D5C33D,213,195,61,0.11,0.95
velvet,translucent,calm,#7C481B,124,72,27,0.76,0.12
clay,smooth,bright,#7A8E51,122,142,81,0.66,0.59
bronze,translucent,professional,#ACDB92,172,219,146,0.27,0.21
plastic,raw,neutral,#D016D3,208,22,211,0.63,0.5
foam,porous,warm,#5BAD65,91,173,101,0.55,0.8
ceramic,grainy,calm,#6F701E,111,112,30,0.73,0.92
marble,reflective,mysterious,#F130AE,241,48,174,0.77,0.49
rubber,distressed,luxury,#113AFF,17,58,255,0.49,0.79
leather,raw,bright,#B313C5,179,19,197,0.44,0.07
metal,lacquered,muted,#088B53,8,139,83,0.92,0.61
glass,raw,aggressive,#4C365E,76,54,94,0.21,0.87
metal,weathered,calm,#B78393,183,131,147,0.91,0.72
carbon fiber,rough,neutral,#F45CF8,244,92,248,0.28,0.57
plastic,textured,warm,#ECFEF0,236,254,240,0.11,0.85
concrete,rough,mysterious,#61AC31,97,172,49,0.76,0.48
brass,distressed,aggressive,#92FE9E,146,254,158,0.6,0.0
stone,satin,calm,#E08B2E,224,139,46,0.8,0.45
aluminum,grainy,bright,#3E177F,62,23,127,0.36,0.62
rubber,lacquered,neutral,#8B6DF3,139,109,243,0.88,0.42
paper,matte,aggressive,#F09FBA,240,159,186,0.16,0.22
bronze,rough,luxury,#31FF31,49,255,49,0.92,0.77
aluminum,translucent,mysterious,#4F6992,79,105,146,0.73,0.57
